56813892M,Salvador23@gmail.com,990252340,650829900,C. Comercial Espacio Leon,122,09019
51989755A,Sara2@gmail.com,958900490,639388220,Avenida Cantabria,s/n,44910
16824054Z,SaraFH@gmail.com,993924080,654159980,Plaza de la Habana,122,10921
37276876V,Salvador12@gmail.com,949932150,793093440,Carrera Lorem ipsum,99,50322
82728719L,Alfonso23@gmail.com,989489990,709998010,Avenida Lorem,13,01111
81307095W,Mari_Paz@gmail.com,998294390,799991210,Alameda del Cipres,121,01111
14719687D,Valentina2321@outlook.com,985314880,699219990,Travesia Lorem,32,09019
04227807Q,Alfonso1232@gmail.com,981914880,730993990,Paseo de la Castellana,12,44110
73307151X,Mari_Paz2398@gmail.com,991122810,601509950,Alameda del Cipres,54,44910
93155413P,Antonio232@gmail.com,994341490,652215230,Avenida Lorem,122,01111
14649879Y,Remedios2@gmail.com,998302890,698143990,Travesia Lorem,59,10921
19069572L,Alberto1@gmail.com,935184180,640931320,Paseo de la Castellana,s/n,38449
04133661D,Jorge23232@outlook.com,903929480,611931200,Alameda Osuna,121,10921
30381566S,Sara1998@gmail.com,993329510,609230800,Travesia Lorem,12,00001
89938390H,Jose_Manuel@gmail.com,942003490,624218040,Paseo de la Castellana,13,09190
63312318B,Sara009@gmail.com,939989250,645998340,Cuesta de los Remedios,12,38449
63774917B,Mari_Paz1212@gmail.com,919299980,648045990,Plaza de la Habana,122,01419
56243388Q,Alberto9898@gmail.com,990989420,629484900,Cuesta de los Remedios,120,38449
35831219W,Jose09Manuel@gmail.com,999208130,613518180,Alameda del Cipres,120,32082
94286534N,Marta2008@gmail.com,999952410,694032910,Paseo de la Castellana,9,09190
37128668K,Guillermo@hotmail.com,945185810,695525180,Glorieta Lorem ipsum,99,38449
00804278Z,Cristina212@gmail.com,994118330,629883140,Callejon Cuesta,13,28999
87293105D,Jorgefh@gmail.com,942414990,649181420,Callejon Cuesta,99,39259
14838013T,CarmenSoto@gmail.com,985314880,629889000,C. Comercial Espacio Leon,99,00001
14828856C,AlfonsoMT@gmail.com,999929450,711819390,Travesia Lorem,32,01111
72043434M,AntonioPG@gmail.com,999208130,624924240,Acceso glorieta Santander,1,00001
36903975S,MariaUAH@gmail.com,924991380,619594330,Acceso glorieta Santander,120,44910
28780713P,AlbertoFGT@gmail.com,994203230,600315930,Alameda del Cipres,s/n,44110
80249243N,GuillermoHernandez@gmail.com,990915910,623114430,Plaza de la Habana,13,10921
14394525K,Guillermo19982@gmail.com,999208130,698455920,Acceso glorieta Santander,4,39259
29707354W,AntonioFGTE@gmail.com,999399080,633313210,Plaza de la Habana,13,00001
73520196Y,Remedios9090@gmail.com,999990090,699520900,Callejon Cuesta,122,01111
33396008P,SaraZamora@yahoo.com,909495920,601398090,Carrera Lorem ipsum,32,01111
07808872G,ValentinaEsp1@gmail.com,982929090,685905500,Acceso glorieta Santander,59,09190
17158772J,MaitePozo@gmail.com,923190330,649139890,C. Comercial Espacio Leon,120,09190
96890573Z,CristinaCast@gmail.com,931334950,790909040,Paseo de la Castellana,3,01111
29395097Q,Juan12112@gmail.com,999414950,735509100,Paseo de la Castellana,59,00001
45339952Y,Cristina13934@yahoo.com,911158490,799804390,Callejon Cuesta,1,44910
40501746B,Alberto8959@gmail.com,994989430,755299350,Glorieta Lorem ipsum,1,01111
51129590S,Remedios232311@gmail.com,900510990,788993410,Carrera Lorem ipsum,32,50322
88629715C,AntonioFernandez@gmail.com,999190020,655852230,Avenida Lorem,9,10921
42869600S,Remedios@hotmail.com,930998980,605099000,Paseo de la Castellana,59,38449
07373919G,Maite@yahoo.com,938994930,694095310,Alameda Oscura,99,28999
74637256W,Jorge@hotmail.com,939491490,600102490,Avenida Cantabria,9,30999
13587656S,Cristina@uah.es,929028040,629154810,Glorieta Lorem ipsum,9,09190
12954416B,Rodolfo@ucm.es,905193490,624002190,Alameda Osuna,s/n,28999
11819781N,Marta@uam.es,998102490,725981430,Avenida Lorem,59,50322
61191262S,Mari_Paz_Tecnologia@upm.es,999952410,699905810,Alameda Osuna,9,10921
07435894V,Salvador_Pagudo@uah.es,940494990,681983990,Cuesta de los Remedios,s/n,44110
27257797Z,Salvador_Fernando@gmail.com,940494990,680183990,Cuesta del Caminante,12,42110