790755,salvador23,C. Comercial Espacio Leon,122,09019,Espana
224767,sara2,Avenida Cantabria,s/n,44910,Espana
716420,sara_fh,Plaza de la Habana,122,10921,Espana
831298,salvador12,Carrera Lorem ipsum,99,50322,Espana
116524,alfonso23,Avenida Lorem,13,01111,Espana
551814,mari_paz,Alameda del Cipres,121,01111,Espana
415195,valentina2321,Travesia Lorem,32,09019,Espana
379321,alfonso1232,Paseo de la Castellana,12,44110,Espana
954570,mari_paz2398,Alameda del Cipres,54,44910,Espana
974551,antonio232,Avenida Lorem,122,01111,Espana
974552,remedios2,Travesia Lorem,59,10921,Espana
750561,saucyturnip,Travesia del Caminante,54,28850,Espana
553464,wonderskyscraper,Avenida del Sol,10,28874,Espana
472921,distraughtplayful,Carretera Madrid-Barcelona,s/n,28100,Espana
350417,monsterbellowing,Ermou Calloe,12,79990,Grecia
708230,buttheadeducate,Mikonos Calloe,1,79995,Grecia
375144,strutpicayune123,North Peachtree Ave,19,65401,Estados Unidos
533134,receptivefox,North Peachtree Ave,19,65401,Estados Unidos
181490,flapgravel555,Windsor Court Street,129,02780,Estados Unidos
222842,grimacingwolf21,North Sunnyslope Ave,477,10451,Estados Unidos
978885,gripatm_xaea12,Fawn Court Hermitage Ave,514,37076,Estados Unidos
353939,vhspoodle_01,William Street,709,52240,Estados Unidos
556521,rhymesassy,Alderwood Dr.,177,74403,Estados Unidos
218722,chaptersuggest,East Spruce Street,645,33594,Estados Unidos
709593,criticguilty,Rockcrest Street,788,08742,Estados Unidos
912685,magistratepaintball,Avenue de Gautier,180,40552,Francia
945931,reefneedful,Place de Guilbert,100,40553,Francia
585139,tacitteeny2019,Rue Victoire Blanc,23,00029,Francia
209597,troublingdiphthong,Boulevard Boucher,36,00032,Francia
642279,inventmuffled,Place Ferreira,56,05541,Francia
129097,quarrelunflavored,Avenue Victor Hugo,32,40555,Francia
955616,torchshampoo,Abbey Road,s/n,65554,Reino Unido
261301,laynetherite,Albion Avenue,82,55560,Reino Unido
949154,judiciouspen,Thurloe Street,18,55225,Reino Unido
779347,famousglamorous,AlfredStreet,25,55226,Reino Unido
763216,ranchersexemplary,Cambridge Heath Road,55,25455,Reino Unido
733475,impalastew,Cambridge Heath Road,55,25456,Reino Unido
806070,mandrillkazoo,Ajtosi Durer sor,12,24456,Hungria
877428,arrayspam_uk,Haller utca,21,28840,Hungria
161080,entirerepel,Calle Cristobal Colon,10,28874,Espana
987203,cubeinfected,Schulstrasse,10,12555,Alemania
909051,croquetswoop,Gartenstrasse,22,12555,Alemania
823218,anarchistbelched_r9,Bahnhofstrasse ,36,25001,Alemania
804440,thirdonion007,Dorfstrasse ,21,25981,Alemania
318861,parchedsmite,Dorfstrasse ,20,25981,Alemania
243511,columnfibula,Deckergasse,12,29990,Austria
529116,wearcuddly_019,Vienna Ring Road,10,29994,Austria
833463,pleasinghasty,Wienzeile,12,29942,Austria
821295,willingtasty,Via del Corso,14,25014,Italia
993889,moultingsensible201,Piazza Giuseppe Mazzini,8,26651,Italia
663295,residentlackluster,Greenfield Road,s/n,28997,Irlanda